id,title,overview,release_date,popularity,vote_average,vote_count
243442,A Fantastic Back and Forth,"Middle-aged family man Arnaldo is kicked out by his wife because of a misunderstanding. Instead of despairing, Arnaldo takes advantage of the situation to turn around his unsatisfying adult life by going to live in a flat shared with four university students.",2013-12-12,0.4026,6.0,322
50725,Take Me Home Tonight,"Recent MIT grad Matt Franklin should be well on his way to a successful career at a Fortune 500 company, but instead he rebels against maturity by taking a job at a video store. Matt rethinks his position when his unrequited high-school crush, Tori, walks in and invites him to an end-of-summer party. With the help of his twin sister and his best friend, Matt hatches a plan to change the course of his life.",2011-03-04,1.9208,5.972,708
28468,The Key,"Art professor Nino Rolfe attempts to break down his wife Teresa's conventional modesty. Noticing her affection for their daughter's fianc√©, Nino instigates her sexual interest in him - setting off a chain of unexpected events and emotional complications...",1983-10-19,6.013,6.0,432
27579,The American,"Dispatched to a small Italian town to await further orders, assassin Jack embarks on a double life that may be more relaxing than is good for him.",2010-08-31,4.3071,5.974,1456
17037,I'll Be Home for Christmas,"Estranged from his father, college student Jake is lured home to New York for Christmas with the promise of receiving a classic Porsche as a gift. When the bullying football team dumps him in the desert in a Santa suit, Jake is left without identification or money to help him make the journey. Meanwhile, his girlfriend, Allie, does not know where he is, and accepts a cross-country ride from Jake's rival, Eddie.",1998-11-13,1.2744,5.972,352
579828,Superdeep,"In 1984, a Russian research team goes below the surface to find out what secret the world's deepest borehole is hiding. On their expedition, something unexpectedly gruesome awaits the researchers.",2020-11-04,6.944,5.971,343
533642,Child's Play,"Karen, a single mother, gifts her son Andy a Buddi doll for his birthday, unaware of its more sinister nature. A contemporary re-imagining of the 1988 horror classic.",2019-06-19,4.0442,5.971,2006
125490,Antiviral,"Syd March is an employee at a clinic that sells injections of live viruses harvested from sick celebrities to obsessed fans. When he becomes infected with the disease that kills super sensation Hannah Geist, Syd becomes a target for collectors and rabid fans. He must unravel the mystery surrounding her death before he suffers the same fate.",2012-09-19,2.608,5.971,426
44894,I Love You in All Languages of the World,A divorced high school PE teacher falls in love with a single mom before learning that her daughter is a student who's been hitting on him between classes.,2005-12-16,0.3954,5.971,491
19724,Imagine That,"A financial executive who can't stop his career downspiral is invited into his daughter's imaginary world, where solutions to his problems await.",2009-06-19,2.1393,5.971,586
13159,Georgia Rule,"Rebellious, uncontrollable teenager, Rachel is hauled off by her dysfunctional mother to spend the summer with her estranged grandmother, Georgia. Her journey will lead all three women to revelations of buried family secrets and an understanding that - regardless what happens - the ties that bind can never be broken.",2007-05-10,6.4292,5.971,465
8975,The Marine,A group of diamond thieves on the run kidnap the wife of a recently discharged marine who goes on a chase through the South Carolinian wilderness to retrieve her.,2006-10-13,2.2351,6.0,805
8780,Baby Mama,"A successful, single businesswoman who dreams of having a baby discovers she is infertile and hires a working class woman to be her unlikely surrogate.",2008-04-25,2.4098,5.971,679
266294,Sisters,Two disconnected sisters are summoned to clean out their childhood bedrooms before their parents sell their family home.,2015-12-18,2.7381,6.0,1439
45535,Fatal,"Fatal... short for Fatal Bazooka, a hardcore bling-bling rapper. A huge music star. Millions of fans, tons of hits, 4 Artist Of The Year Music Awards of Music, a fashion line, a magazine, and soon his own amusement park: Fataland. He is the undisputed number one, until...",2010-06-16,4.3797,5.973,654
14372,Leviathan,Underwater deep-sea miners encounter a Soviet wreck and bring back a dangerous cargo to their base on the ocean floor with horrifying results. The crew of the mining base must fight to survive against a genetic mutation that hunts them down one by one.,1989-03-17,1.9583,5.97,538
12500,American Ninja,"Joe Armstrong, an orphaned drifter with little respect for much other than martial arts, finds himself on an American Army base in The Philippines after a judge gives him a choice of enlistment or prison. On one of his first missions driving a convoy, his platoon is attacked by a group of rebels who try to steal the weapons the platoon is transporting and kidnap the base colonel's daughter.",1985-08-30,1.45,5.97,467
11078,National Security,"Earl Montgomery, a bombastic police academy reject, and Hank Rafferty, a disgraced, mild-mannered cop, can't seem to escape each other. They met on opposite sides of the law during a routine traffic stop that escalated out of control; now as lowly security guards they're thrown together to bust a smuggling operation.",2003-01-17,2.6482,5.97,1037
1410,Dark Star,"A group of scientists are sent on a mission to destroy unstable planets. Twenty years into their mission, they have to battle their alien mascot as well as a ""sensitive"" and intelligent bombing device that starts to question the meaning of its existence.",1974-03-30,4.1759,5.97,622
866346,The Retirement Plan,"When Ashley and her young daughter Sarah get caught up in a criminal enterprise that puts their lives at risk, she turns to the only person who can help: her estranged father Matt, currently living the life of a retired beach bum in the Cayman Islands. Their reunion is fleeting as they are soon tracked down on the island by crime boss Donnie and his lieutenant Bobo. As Ashley, Sarah, and Matt become entangled in an increasingly dangerous web, Ashley quickly learns her father had a secret past that she knew nothing about and that there is more to her father than meets the eye.",2023-08-24,1.6946,5.969,307
